game_id,game_date,total_points,home_points,away_points,home_team,home_pts_last_5,home_pts_last_10,home_fg_pct_last_5,away_team,away_pts_last_5,away_pts_last_10,away_fg_pct_last_5,combined_pts_last_5,combined_pts_last_10
401809799,2025-11-26,245,132,113,WSH,,,,ATL,,,,,
401809811,2025-11-29,253,130,123,ATL,113.0,113.0,0.45,CLE,99.0,99.0,0.45,212.0,212.0
401810159,2025-11-30,276,134,142,PHI,109.0,109.0,0.45,ATL,121.5,121.5,0.45,230.5,230.5
401810164,2025-12-02,197,99,98,DET,120.75,120.75,0.45,ATL,128.33333333333334,128.33333333333334,0.45,249.08333333333334,249.08333333333334
401810182,2025-12-04,207,92,115,ATL,120.75,120.75,0.45,LAC,114.5,114.5,0.45,235.25,235.25
401810195,2025-12-06,267,133,134,ATL,115.0,115.0,0.45,DEN,129.4,129.4,0.45,244.4,244.4
401810206,2025-12-07,247,116,131,WSH,110.0,110.0,0.45,ATL,119.0,118.0,0.45,229.0,228.0
401836751,2025-12-13,257,142,115,DET,118.4,117.125,0.45,ATL,119.2,119.85714285714286,0.45,237.60000000000002,236.98214285714286
401836798,2025-12-14,237,120,117,ATL,113.8,119.25,0.45,PHI,111.8,113.875,0.45,225.6,233.125
401810226,2025-12-19,259,133,126,CHA,113.2,112.33333333333333,0.45,ATL,118.2,119.33333333333333,0.45,231.4,231.66666666666666
401810238,2025-12-20,224,98,126,ATL,125.0,120.0,0.45,SA,122.0,121.8,0.45,247.0,241.8
401810251,2025-12-21,302,150,152,ATL,118.0,118.5,0.45,CHI,117.4,113.2,0.45,235.4,231.7
401810266,2025-12-24,249,123,126,ATL,121.8,120.5,0.45,CHI,129.6,116.8,0.45,251.39999999999998,237.3
401810278,2025-12-27,237,111,126,ATL,123.4,118.6,0.45,MIA,106.8,110.6,0.45,230.2,229.2
401810290,2025-12-28,253,125,128,ATL,121.6,119.9,0.45,NY,116.6,120.8,0.45,238.2,240.7
401810310,2025-12-30,269,140,129,OKC,113.4,119.9,0.45,ATL,121.4,123.2,0.45,234.8,243.10000000000002
401810318,2025-12-31,228,126,102,ATL,127.6,122.8,0.45,MIN,119.8,117.0,0.45,247.39999999999998,239.8
401810334,2026-01-03,210,99,111,NY,124.0,122.9,0.45,ATL,122.8,122.3,0.45,246.8,245.2
401810343,2026-01-04,251,134,117,TOR,116.0,107.5,0.45,ATL,120.4,121.9,0.45,236.4,229.4
401810359,2026-01-06,218,118,100,TOR,120.4,110.8,0.45,ATL,121.6,121.6,0.45,242.0,232.39999999999998
401810374,2026-01-08,217,117,100,ATL,116.6,119.0,0.45,NO,112.2,114.8,0.45,228.8,233.8
401810392,2026-01-10,197,87,110,DEN,113.6,122.4,0.45,ATL,114.2,120.9,0.45,227.8,243.3
401810411,2026-01-12,235,111,124,GS,115.2,120.1,0.45,ATL,111.0,116.9,0.45,226.2,237.0
401810424,2026-01-14,257,141,116,LAL,107.0,109.8,0.45,ATL,113.6,117.0,0.45,220.6,226.8
401810440,2026-01-16,218,117,101,POR,112.4,113.3,0.45,ATL,113.4,117.5,0.45,225.8,230.8
401810449,2026-01-18,238,106,132,ATL,113.6,115.1,0.45,BOS,109.0,116.3,0.45,222.6,231.39999999999998
401809247,2026-01-19,222,110,112,ATL,111.4,112.8,0.45,MIL,105.8,111.4,0.45,217.2,224.2
401810478,2026-01-22,246,122,124,MEM,110.8,114.3,0.45,ATL,111.4,111.2,0.45,222.2,225.5
401810491,2026-01-24,213,110,103,ATL,111.4,112.5,0.45,PHX,114.8,112.0,0.45,226.2,224.5
401810514,2026-01-26,248,132,116,ATL,110.2,111.8,0.45,IND,106.0,108.2,0.45,216.2,220.0
401810528,2026-01-29,223,106,117,BOS,113.0,113.2,0.45,ATL,116.4,115.0,0.45,229.4,228.2
401810537,2026-01-30,190,86,104,ATL,118.6,115.0,0.45,HOU,110.2,108.8,0.45,228.8,223.8
401810553,2026-02-01,253,129,124,IND,110.8,108.1,0.45,ATL,113.8,112.6,0.45,224.6,220.7
401810575,2026-02-04,242,115,127,MIA,120.6,122.4,0.45,ATL,113.8,112.6,0.45,234.39999999999998,235.0
401810590,2026-02-06,240,121,119,ATL,117.2,113.7,0.45,UTAH,111.4,113.9,0.45,228.60000000000002,227.60000000000002
401810606,2026-02-08,245,119,126,ATL,115.0,115.7,0.45,CHA,111.4,112.7,0.45,226.4,228.4
401810620,2026-02-10,254,138,116,MIN,119.6,114.7,0.45,ATL,115.4,117.0,0.45,235.0,231.7
401810630,2026-02-12,217,110,107,CHA,110.4,116.0,0.45,ATL,121.4,117.6,0.45,231.8,233.6
401810649,2026-02-20,224,107,117,PHI,108.8,114.1,0.45,ATL,118.0,115.9,0.45,226.8,230.0
401810660,2026-02-21,225,97,128,ATL,116.0,116.6,0.45,MIA,115.4,118.0,0.45,231.4,234.6
401810140,2025-11-25,213,100,113,BKN,,,,NY,,,,,
401809812,2025-11-29,218,103,115,BKN,100.0,100.0,0.45,PHI,103.0,103.0,0.45,203.0,203.0
401810152,2025-11-30,215,116,99,MIL,105.0,105.0,0.45,BKN,101.5,101.5,0.45,206.5,206.5
401810167,2025-12-02,219,116,103,BKN,100.66666666666667,100.66666666666667,0.45,CHA,114.0,114.0,0.45,214.66666666666669,214.66666666666669
401810184,2025-12-04,216,103,113,CHI,116.75,116.75,0.45,BKN,104.5,104.5,0.45,221.25,221.25
401810190,2025-12-05,233,110,123,BKN,106.2,106.2,0.45,UTAH,119.75,119.75,0.45,225.95,225.95
401810205,2025-12-06,220,119,101,BKN,108.2,106.83333333333333,0.45,NO,120.6,124.33333333333333,0.45,228.8,231.16666666666666
401836795,2025-12-13,230,119,111,DAL,119.2,116.71428571428571,0.45,BKN,111.4,108.57142857142857,0.45,230.60000000000002,225.28571428571428
401836800,2025-12-14,209,127,82,BKN,113.8,108.875,0.45,MIL,113.6,111.0,0.45,227.39999999999998,219.875
401810228,2025-12-19,201,95,106,BKN,116.0,110.88888888888889,0.45,MIA,105.6,112.77777777777777,0.45,221.6,223.66666666666666
401810252,2025-12-21,177,96,81,BKN,112.4,109.3,0.45,TOR,105.4,105.9,0.45,217.8,215.2
401810265,2025-12-24,220,106,114,PHI,115.4,116.2,0.45,BKN,109.6,108.9,0.45,225.0,225.10000000000002
401810294,2025-12-28,230,107,123,MIN,115.6,116.1,0.45,BKN,108.6,110.0,0.45,224.2,226.1
401810304,2025-12-30,227,107,120,BKN,111.0,112.4,0.45,GS,118.0,116.1,0.45,229.0,228.5
401810326,2026-01-01,216,96,120,BKN,107.0,111.5,0.45,HOU,118.8,118.6,0.45,225.8,230.1
401810332,2026-01-03,218,119,99,WSH,115.6,114.9,0.45,BKN,107.2,109.8,0.45,222.8,224.7
401810351,2026-01-04,242,127,115,BKN,107.8,108.7,0.45,DEN,121.0,122.5,0.45,228.8,231.2
401810376,2026-01-08,207,103,104,BKN,110.4,109.5,0.45,ORL,115.8,114.6,0.45,226.2,224.1
401810390,2026-01-10,226,105,121,BKN,106.4,108.7,0.45,LAC,115.6,114.1,0.45,222.0,222.8
401810404,2026-01-11,201,103,98,MEM,111.0,116.8,0.45,BKN,106.0,106.5,0.45,217.0,223.3
401810416,2026-01-13,218,113,105,DAL,107.8,112.8,0.45,BKN,106.4,106.8,0.45,214.2,219.6
401810429,2026-01-15,229,116,113,NO,113.0,113.7,0.45,BKN,107.6,107.7,0.45,220.6,221.4
401810442,2026-01-17,221,112,109,BKN,104.8,107.6,0.45,CHI,112.0,111.8,0.45,216.8,219.39999999999998
401810458,2026-01-19,226,124,102,CHI,113.6,112.4,0.45,BKN,106.6,106.5,0.45,220.2,218.9
401810465,2026-01-20,243,117,126,BKN,106.0,106.0,0.45,PHX,111.2,112.0,0.45,217.2,218.0
401810477,2026-01-22,186,120,66,NY,106.6,107.1,0.45,BKN,109.8,108.1,0.45,216.39999999999998,215.2
401810492,2026-01-24,256,126,130,BKN,102.0,104.8,0.45,BOS,113.8,116.0,0.45,215.8,220.8
401810511,2026-01-26,215,126,89,LAC,114.4,112.2,0.45,BKN,104.6,104.7,0.45,219.0,216.9
401810524,2026-01-28,208,106,102,PHX,110.6,112.0,0.45,BKN,100.0,103.3,0.45,210.6,215.3
401810539,2026-01-30,210,107,103,DEN,102.0,106.6,0.45,BKN,100.0,103.0,0.45,202.0,209.6
401810549,2026-01-31,208,99,109,UTAH,115.8,118.0,0.45,BKN,97.2,103.5,0.45,213.0,221.5
401810559,2026-02-01,207,130,77,DET,115.8,111.6,0.45,BKN,105.8,103.9,0.45,221.6,215.5
401810574,2026-02-04,234,109,125,BKN,96.0,100.3,0.45,LAL,117.2,114.8,0.45,213.2,215.1
401810589,2026-02-06,216,118,98,ORL,111.2,111.3,0.45,BKN,100.0,100.0,0.45,211.2,211.3
401810602,2026-02-07,240,127,113,BKN,99.2,99.6,0.45,WSH,112.6,111.1,0.45,211.8,210.7
401810617,2026-02-10,238,123,115,BKN,104.0,100.6,0.45,CHI,111.6,113.3,0.45,215.6,213.89999999999998
401810634,2026-02-12,225,110,115,BKN,106.8,106.3,0.45,IND,115.2,115.5,0.45,222.0,221.8
401810648,2026-02-20,196,112,84,CLE,128.6,124.1,0.45,BKN,113.4,104.7,0.45,242.0,228.8
401810663,2026-02-21,191,105,86,OKC,112.0,112.5,0.45,BKN,108.4,104.2,0.45,220.4,216.7
401809802,2025-11-26,231,117,114,BOS,,,,DET,122.0,122.0,0.45,,
401810148,2025-11-29,234,119,115,MIN,108.5,108.5,0.45,BOS,117.0,117.0,0.45,225.5,225.5
401810157,2025-11-30,232,115,117,CLE,111.0,111.0,0.45,BOS,116.0,116.0,0.45,227.0,227.0
401810175,2025-12-03,240,123,117,BOS,116.33333333333333,116.33333333333333,0.45,NY,119.0,119.0,0.45,235.33333333333331,235.33333333333331
401810189,2025-12-05,247,101,146,WSH,112.25,112.25,0.45,BOS,118.0,118.0,0.45,230.25,230.25
401810193,2025-12-06,231,126,105,BOS,123.6,123.6,0.45,LAL,125.6,125.6,0.45,249.2,249.2
401810213,2025-12-07,234,113,121,TOR,106.4,105.57142857142857,0.45,BOS,125.4,124.0,0.45,231.8,229.57142857142856
401836747,2025-12-12,217,116,101,MIL,113.6,110.375,0.45,BOS,126.6,123.57142857142857,0.45,240.2,233.94642857142856
401836803,2025-12-16,217,105,112,BOS,123.4,120.75,0.45,DET,119.2,119.88888888888889,0.45,242.60000000000002,240.63888888888889
401810236,2025-12-20,245,129,116,BOS,119.8,119.0,0.45,MIA,105.2,112.1,0.45,225.0,231.1
401810243,2025-12-21,208,96,112,TOR,103.4,106.0,0.45,BOS,116.4,120.0,0.45,219.8,226.0
401810258,2025-12-23,198,103,95,BOS,113.6,119.5,0.45,IND,106.4,111.3,0.45,220.0,230.8
401810281,2025-12-27,262,122,140,IND,100.0,108.0,0.45,BOS,110.0,118.3,0.45,210.0,226.3
401810299,2025-12-28,222,114,108,POR,108.6,113.3,0.45,BOS,117.8,120.6,0.45,226.39999999999998,233.89999999999998
401810314,2025-12-31,248,119,129,UTAH,125.0,124.3,0.45,BOS,118.4,119.1,0.45,243.4,243.39999999999998
401810329,2026-01-02,226,106,120,SAC,111.2,109.5,0.45,BOS,118.4,117.4,0.45,229.60000000000002,226.9
401810348,2026-01-04,261,115,146,LAC,121.6,113.4,0.45,BOS,120.0,116.8,0.45,241.6,230.2
401810358,2026-01-06,216,115,101,BOS,128.6,119.3,0.45,CHI,111.6,120.8,0.45,240.2,240.1
401810375,2026-01-08,224,110,114,BOS,123.6,120.7,0.45,DEN,115.4,121.1,0.45,239.0,241.8
401810387,2026-01-10,242,125,117,BOS,124.0,121.2,0.45,TOR,111.8,110.6,0.45,235.8,231.8
401810400,2026-01-11,195,95,100,BOS,123.2,120.8,0.45,SA,115.8,116.5,0.45,239.0,237.3
401810414,2026-01-13,194,98,96,IND,118.6,115.4,0.45,BOS,118.2,119.1,0.45,236.8,234.5
401810435,2026-01-16,233,114,119,MIA,111.4,120.5,0.45,BOS,108.2,118.4,0.45,219.60000000000002,238.9
401809250,2026-01-20,207,104,103,DET,110.0,113.2,0.45,BOS,113.4,118.7,0.45,223.4,231.9
401810476,2026-01-22,223,119,104,BOS,109.0,116.1,0.45,IND,101.6,110.1,0.45,210.6,226.2
401810502,2026-01-25,225,114,111,CHI,123.8,115.0,0.45,BOS,120.6,114.4,0.45,244.39999999999998,229.4
401810515,2026-01-27,196,102,94,BOS,119.0,114.0,0.45,POR,118.2,115.3,0.45,237.2,229.3
401810544,2026-01-31,205,112,93,BOS,113.6,111.3,0.45,SAC,108.2,113.2,0.45,221.8,224.5
401810557,2026-02-01,186,107,79,BOS,112.2,113.0,0.45,MIL,107.0,106.4,0.45,219.2,219.4
401810576,2026-02-04,210,100,110,DAL,113.2,118.4,0.45,BOS,107.6,114.1,0.45,220.8,232.5
401810583,2026-02-05,207,93,114,HOU,108.0,111.3,0.45,BOS,107.4,113.2,0.45,215.4,224.5
401810596,2026-02-07,194,98,96,BOS,109.8,111.4,0.45,MIA,121.4,121.7,0.45,231.2,233.10000000000002
401810612,2026-02-08,200,89,111,BOS,108.2,110.9,0.45,NY,117.0,113.6,0.45,225.2,224.5
401810633,2026-02-12,229,124,105,BOS,103.6,107.9,0.45,CHI,109.6,112.8,0.45,213.2,220.7
401810654,2026-02-20,231,110,121,GS,104.2,109.4,0.45,BOS,107.0,107.3,0.45,211.2,216.7
401809803,2025-11-27,230,101,129,CHA,,,,NY,113.0,113.0,0.45,,
401809813,2025-11-29,239,123,116,CHA,101.0,101.0,0.45,CHI,130.0,130.0,0.45,231.0,231.0
401810149,2025-11-29,229,118,111,CHA,112.0,112.0,0.45,TOR,103.5,103.5,0.45,215.5,215.5
401810183,2025-12-04,223,119,104,NY,118.6,118.6,0.45,CHA,111.25,111.25,0.45,229.85,229.85
401810199,2025-12-06,197,86,111,TOR,108.6,108.83333333333333,0.45,CHA,109.8,109.8,0.45,218.39999999999998,218.63333333333333
401810214,2025-12-07,221,106,115,CHA,111.8,110.0,0.45,DEN,131.2,130.16666666666666,0.45,243.0,240.16666666666666
401836750,2025-12-13,255,126,129,CHA,108.4,109.42857142857143,0.45,CHI,104.0,109.42857142857143,0.45,212.4,218.85714285714286
401836799,2025-12-14,230,111,119,CLE,119.8,117.0,0.45,CHA,110.0,111.5,0.45,229.8,228.5
401810245,2025-12-21,198,112,86,DET,122.8,118.3,0.45,CHA,119.0,114.4,0.45,241.8,232.7
401810257,2025-12-23,271,139,132,CLE,114.2,118.4,0.45,CHA,114.0,112.9,0.45,228.2,231.3
401810264,2025-12-24,235,126,109,CHA,119.2,113.8,0.45,WSH,114.2,110.5,0.45,233.4,224.3
401810279,2025-12-27,225,105,120,ORL,114.0,113.0,0.45,CHA,119.2,114.6,0.45,233.2,227.6
401810302,2025-12-30,236,113,123,CHA,119.4,116.3,0.45,MIL,106.4,105.6,0.45,225.8,221.89999999999998
401810317,2025-12-31,257,125,132,CHA,115.4,117.2,0.45,GS,122.4,118.3,0.45,237.8,235.5
401810336,2026-01-03,243,122,121,MIL,112.6,107.8,0.45,CHA,123.2,118.6,0.45,235.8,226.39999999999998
401810344,2026-01-04,211,99,112,CHI,113.6,121.3,0.45,CHA,121.0,120.1,0.45,234.6,241.39999999999998
401810361,2026-01-06,221,97,124,OKC,125.8,118.9,0.45,CHA,118.2,118.7,0.45,244.0,237.60000000000002
401810371,2026-01-08,193,96,97,CHA,119.0,119.2,0.45,TOR,120.6,112.0,0.45,239.6,231.2
401810383,2026-01-09,226,112,114,CHA,115.6,115.5,0.45,IND,117.0,112.1,0.45,232.6,227.6
401810402,2026-01-11,245,95,150,UTAH,114.6,119.0,0.45,CHA,113.0,118.1,0.45,227.6,237.1
401810418,2026-01-13,226,117,109,LAC,109.6,115.6,0.45,CHA,118.8,119.9,0.45,228.39999999999998,235.5
401810441,2026-01-16,252,117,135,LAL,111.2,113.1,0.45,CHA,118.2,118.2,0.45,229.4,231.3
401810454,2026-01-18,252,136,116,GS,122.6,118.4,0.45,CHA,120.4,119.7,0.45,243.0,238.10000000000002
401810460,2026-01-19,197,87,110,DEN,111.2,112.4,0.45,CHA,124.4,120.0,0.45,235.60000000000002,232.4
401810475,2026-01-22,181,87,94,CHA,124.0,118.5,0.45,CLE,122.4,120.6,0.45,246.4,239.1
401810482,2026-01-23,221,97,124,ORL,110.0,112.9,0.45,CHA,111.4,115.1,0.45,221.4,228.0
401810500,2026-01-24,234,119,115,CHA,114.4,116.3,0.45,WSH,107.6,108.3,0.45,222.0,224.6
401810512,2026-01-26,223,130,93,CHA,111.2,115.8,0.45,PHI,115.0,114.6,0.45,226.2,230.39999999999998
401810531,2026-01-29,209,97,112,MEM,117.0,112.2,0.45,CHA,114.0,119.2,0.45,231.0,231.4
401810538,2026-01-30,244,121,123,DAL,118.0,117.7,0.45,CHA,114.4,119.2,0.45,232.4,236.9
401810552,2026-01-31,217,111,106,CHA,121.6,116.5,0.45,SA,112.2,110.7,0.45,233.8,227.2
401810567,2026-02-02,197,102,95,CHA,119.0,116.7,0.45,NO,112.0,112.5,0.45,231.0,229.2
401810592,2026-02-06,208,99,109,HOU,105.0,109.6,0.45,CHA,115.6,113.4,0.45,220.6,223.0
401810616,2026-02-10,214,104,110,CHA,114.2,114.3,0.45,DET,124.0,118.0,0.45,238.2,232.3
401810647,2026-02-20,206,101,105,CHA,110.2,114.6,0.45,HOU,101.6,104.8,0.45,211.8,219.39999999999998
401810657,2026-02-21,231,113,118,CHA,110.0,112.8,0.45,CLE,125.0,123.0,0.45,235.0,235.8
401810144,2025-11-25,273,143,130,NO,,,,CHI,,,,,
401810150,2025-11-30,204,103,101,IND,110.33333333333333,110.33333333333333,0.45,CHI,123.0,123.0,0.45,233.33333333333331,233.33333333333331
401810169,2025-12-02,245,125,120,ORL,128.0,128.0,0.45,CHI,115.66666666666667,115.66666666666667,0.45,243.66666666666669,243.66666666666669
401810200,2025-12-06,225,105,120,CHI,114.0,114.0,0.45,IND,111.2,112.16666666666667,0.45,225.2,226.16666666666669
401810216,2025-12-08,214,91,123,CHI,109.0,112.5,0.45,GS,102.6,107.83333333333333,0.45,211.6,220.33333333333331
401836804,2025-12-15,218,104,114,CHI,109.6,111.875,0.45,NO,126.8,124.66666666666667,0.45,236.39999999999998,236.54166666666669
401810222,2025-12-18,238,127,111,CHI,106.4,111.0,0.45,CLE,115.0,116.33333333333333,0.45,221.4,227.33333333333331
401810239,2025-12-20,261,125,136,CLE,115.2,115.8,0.45,CHI,111.2,112.6,0.45,226.4,228.39999999999998
401810282,2025-12-27,211,109,102,CHI,129.0,119.3,0.45,PHI,115.0,115.3,0.45,244.0,234.6
401810292,2025-12-28,215,103,112,CHI,130.0,118.2,0.45,MIL,100.4,107.0,0.45,230.4,225.2
401810307,2025-12-30,237,101,136,CHI,125.2,118.2,0.45,MIN,115.0,114.3,0.45,240.2,232.5
401810321,2026-01-01,252,134,118,CHI,118.2,117.8,0.45,NO,116.8,123.4,0.45,235.0,241.2
401810335,2026-01-03,235,121,114,CHI,114.6,122.1,0.45,ORL,112.0,113.7,0.45,226.6,235.8
401810372,2026-01-08,201,108,93,DET,114.8,117.5,0.45,CHI,111.2,118.2,0.45,226.0,235.7
401810401,2026-01-11,232,125,107,CHI,109.6,113.9,0.45,DAL,110.8,113.5,0.45,220.39999999999998,227.4
401810420,2026-01-14,232,119,113,HOU,101.8,109.9,0.45,CHI,107.8,111.2,0.45,209.6,221.10000000000002
401810428,2026-01-15,254,128,126,CHI,106.2,109.9,0.45,UTAH,115.2,116.8,0.45,221.4,226.7
401810469,2026-01-21,248,138,110,CHI,119.8,114.7,0.45,LAC,113.0,113.3,0.45,232.8,228.0
401810486,2026-01-23,235,115,120,MIN,118.6,124.6,0.45,CHI,122.4,115.1,0.45,241.0,239.7
401810516,2026-01-27,247,118,129,CHI,121.0,116.5,0.45,LAL,112.2,112.3,0.45,233.2,228.8
401810527,2026-01-29,223,113,110,IND,103.8,108.2,0.45,CHI,122.8,118.2,0.45,226.6,226.4
401850920,2026-01-30,229,113,116,CHI,120.0,119.9,0.45,MIA,124.4,120.9,0.45,244.4,240.8
401810547,2026-02-01,243,118,125,MIA,121.6,121.3,0.45,CHI,115.0,118.7,0.45,236.6,240.0
401810560,2026-02-01,225,134,91,MIA,123.2,120.4,0.45,CHI,116.0,119.9,0.45,239.2,240.3
401810577,2026-02-04,246,131,115,MIL,100.4,103.0,0.45,CHI,111.4,116.2,0.45,211.8,219.2
401810591,2026-02-06,230,123,107,TOR,109.6,113.5,0.45,CHI,110.8,116.8,0.45,220.39999999999998,230.3
401810607,2026-02-08,256,120,136,CHI,110.2,115.1,0.45,DEN,117.6,109.8,0.45,227.8,224.89999999999998
401810652,2026-02-20,211,101,110,CHI,112.4,111.9,0.45,TOR,114.6,112.0,0.45,227.0,223.9
401810669,2026-02-22,236,110,126,CHI,109.6,110.2,0.45,DET,116.8,117.4,0.45,226.39999999999998,227.60000000000002
401810139,2025-11-25,209,110,99,TOR,,,,CLE,,,,,
401810165,2025-12-02,254,119,135,IND,108.5,108.5,0.45,CLE,112.33333333333333,112.33333333333333,0.45,220.83333333333331,220.83333333333331
401810179,2025-12-04,232,110,122,CLE,118.0,118.0,0.45,POR,112.5,112.5,0.45,230.5,230.5
401810196,2025-12-06,247,130,117,CLE,116.4,116.4,0.45,SA,121.2,121.2,0.45,237.60000000000002,237.60000000000002
401810207,2025-12-07,193,94,99,CLE,122.6,118.66666666666667,0.45,GS,109.6,109.6,0.45,232.2,228.26666666666665
401836753,2025-12-13,256,126,130,WSH,106.8,111.0,0.45,CLE,116.8,115.14285714285714,0.45,223.6,226.14285714285714
401810267,2025-12-24,259,141,118,CLE,123.2,120.0,0.45,NO,127.4,124.9,0.45,250.60000000000002,244.9
401809238,2025-12-25,250,126,124,NY,116.2,120.1,0.45,CLE,125.4,122.6,0.45,241.60000000000002,242.7
401810293,2025-12-28,217,117,100,HOU,118.8,118.1,0.45,CLE,128.0,121.5,0.45,246.8,239.6
401810311,2025-12-30,214,101,113,SA,122.2,122.1,0.45,CLE,125.8,120.5,0.45,248.0,242.6
401810320,2025-12-31,242,129,113,CLE,123.4,118.8,0.45,PHX,120.2,110.9,0.45,243.60000000000002,229.7
401810333,2026-01-03,221,113,108,CLE,121.4,122.3,0.45,DEN,125.4,125.3,0.45,246.8,247.6
401810349,2026-01-04,224,110,114,CLE,115.8,120.6,0.45,DET,120.8,119.4,0.45,236.6,240.0
401810365,2026-01-07,236,116,120,IND,117.0,111.8,0.45,CLE,113.0,120.5,0.45,230.0,232.3
401810385,2026-01-09,253,131,122,MIN,125.2,120.1,0.45,CLE,117.0,121.4,0.45,242.2,241.5
401810397,2026-01-10,280,146,134,CLE,118.8,121.1,0.45,MIN,124.2,122.0,0.45,243.0,243.1
401810413,2026-01-13,235,112,123,CLE,122.2,121.8,0.45,UTAH,113.4,117.3,0.45,235.60000000000002,239.1
401810427,2026-01-15,240,107,133,PHI,117.6,118.6,0.45,CLE,122.0,118.9,0.45,239.6,237.5
401810444,2026-01-17,232,115,117,PHI,114.2,119.1,0.45,CLE,126.6,119.8,0.45,240.8,238.89999999999998
401809248,2026-01-19,240,104,136,CLE,126.0,121.5,0.45,OKC,118.2,117.7,0.45,244.2,239.2
401810493,2026-01-24,241,123,118,CLE,112.0,117.1,0.45,SAC,115.2,111.0,0.45,227.2,228.1
401810501,2026-01-25,224,105,119,ORL,108.6,112.0,0.45,CLE,114.2,118.1,0.45,222.8,230.1
401810513,2026-01-27,212,114,98,CLE,111.4,119.0,0.45,ORL,111.4,111.3,0.45,222.8,230.3
401810526,2026-01-29,228,129,99,CLE,110.8,118.4,0.45,LAL,114.8,116.1,0.45,225.6,234.5
401810548,2026-01-31,239,126,113,PHX,108.2,111.1,0.45,CLE,115.8,119.1,0.45,224.0,230.2
401810565,2026-02-02,241,111,130,POR,105.4,110.4,0.45,CLE,119.6,115.8,0.45,225.0,226.2
401810587,2026-02-05,215,91,124,LAC,116.0,115.2,0.45,CLE,121.0,117.6,0.45,237.0,232.8
401810611,2026-02-08,258,126,132,SAC,110.4,109.9,0.45,CLE,122.0,116.7,0.45,232.4,226.60000000000002
401810622,2026-02-10,236,117,119,DEN,123.4,114.7,0.45,CLE,125.6,118.2,0.45,249.0,232.9
401810631,2026-02-12,251,138,113,CLE,123.6,119.7,0.45,WSH,111.4,110.4,0.45,235.0,230.10000000000002
401810141,2025-11-25,208,106,102,MIA,,,,DAL,,,,,
401809820,2025-11-29,248,129,119,LAL,135.0,135.0,0.45,DAL,102.0,102.0,0.45,237.0,237.0
401810155,2025-11-30,224,110,114,LAC,112.5,112.5,0.45,DAL,110.5,110.5,0.45,223.0,223.0
401810170,2025-12-02,252,121,131,DEN,130.33333333333334,130.33333333333334,0.45,DAL,111.66666666666667,111.66666666666667,0.45,242.0,242.0
401810187,2025-12-04,226,118,108,DAL,116.5,116.5,0.45,MIA,121.75,121.75,0.45,238.25,238.25
401810204,2025-12-06,243,132,111,OKC,120.75,120.75,0.45,DAL,116.8,116.8,0.45,237.55,237.55
401810211,2025-12-07,231,122,109,DAL,118.6,115.83333333333333,0.45,HOU,119.2,118.33333333333333,0.45,237.8,234.16666666666666
401836805,2025-12-16,273,140,133,UTAH,119.8,118.125,0.45,DAL,120.2,117.0,0.45,240.0,235.125
401810231,2025-12-19,230,116,114,DAL,120.6,118.77777777777777,0.45,DET,121.8,119.1,0.45,242.39999999999998,237.87777777777777
401810242,2025-12-21,235,121,114,PHI,114.4,114.4,0.45,DAL,120.2,118.5,0.45,234.60000000000002,232.9
401810259,2025-12-23,232,119,113,NO,130.0,122.6,0.45,DAL,120.8,119.7,0.45,250.8,242.3
401810270,2025-12-24,261,131,130,DAL,119.0,119.1,0.45,DEN,125.2,126.1,0.45,244.2,245.2
401809240,2025-12-25,242,126,116,GS,117.6,112.4,0.45,DAL,121.4,120.8,0.45,239.0,233.2
401810287,2025-12-27,220,113,107,SAC,116.2,112.0,0.45,DAL,118.0,119.3,0.45,234.2,231.3
401810312,2025-12-30,247,125,122,POR,104.6,112.5,0.45,DAL,116.2,118.2,0.45,220.8,230.7
401810328,2026-01-02,231,108,123,DAL,117.8,119.3,0.45,PHI,114.4,114.4,0.45,232.2,233.7
401810346,2026-01-04,214,110,104,DAL,116.8,117.9,0.45,HOU,118.0,119.7,0.45,234.8,237.60000000000002
401810370,2026-01-07,198,98,100,SAC,99.4,108.8,0.45,DAL,112.6,117.0,0.45,212.0,225.8
401810386,2026-01-09,230,116,114,UTAH,115.2,120.1,0.45,DAL,109.4,113.7,0.45,224.60000000000002,233.8
401810430,2026-01-15,227,109,118,DAL,108.8,112.8,0.45,DEN,111.2,113.4,0.45,220.0,226.2
401810438,2026-01-16,266,144,122,DAL,108.6,110.6,0.45,UTAH,117.0,116.3,0.45,225.6,226.89999999999998
401810448,2026-01-17,258,138,120,DAL,117.4,113.4,0.45,UTAH,116.4,115.8,0.45,233.8,229.2
401809249,2026-01-19,211,97,114,NY,108.6,110.6,0.45,DAL,122.2,116.5,0.45,230.8,227.1
401810485,2026-01-23,238,123,115,DAL,123.6,115.7,0.45,GS,128.6,123.6,0.45,252.2,239.3
401810503,2026-01-25,226,110,116,DAL,125.6,117.2,0.45,LAL,112.4,111.8,0.45,238.0,229.0
401810532,2026-01-29,223,105,118,DAL,125.8,117.2,0.45,MIN,110.6,116.6,0.45,236.39999999999998,233.8
401810556,2026-02-01,218,111,107,HOU,108.8,109.4,0.45,DAL,114.6,118.4,0.45,223.39999999999998,227.8
401810593,2026-02-06,258,123,135,DAL,108.6,117.1,0.45,SA,108.0,114.0,0.45,216.6,231.1
401810604,2026-02-07,263,138,125,SA,116.0,115.6,0.45,DAL,111.2,118.5,0.45,227.2,234.1
401810628,2026-02-11,231,120,111,PHX,109.8,109.0,0.45,DAL,115.2,116.6,0.45,225.0,225.6
401810646,2026-02-13,228,124,104,LAL,113.4,115.3,0.45,DAL,113.2,113.9,0.45,226.60000000000002,229.2
401810661,2026-02-21,233,122,111,MIN,122.0,121.8,0.45,DAL,112.6,112.9,0.45,234.6,234.7
401810142,2025-11-25,240,115,125,MEM,,,,DEN,,,,,
401809818,2025-11-29,275,136,139,DEN,125.0,125.0,0.45,SA,115.0,115.0,0.45,240.0,240.0
401810154,2025-11-30,242,112,130,PHX,107.66666666666667,107.66666666666667,0.45,DEN,130.5,130.5,0.45,238.16666666666669,238.16666666666669
401810180,2025-12-04,255,120,135,IND,110.6,110.6,0.45,DEN,128.0,128.0,0.45,238.6,238.6
401836749,2025-12-12,241,105,136,SAC,110.6,110.0,0.45,DEN,127.0,128.0,0.45,237.6,238.0
401836806,2025-12-16,253,128,125,DEN,128.2,129.0,0.45,HOU,117.4,116.75,0.45,245.6,245.75
401810232,2025-12-19,241,126,115,DEN,129.6,128.88888888888889,0.45,ORL,111.0,117.0,0.45,240.6,245.88888888888889
401810241,2025-12-20,216,101,115,DEN,127.8,128.6,0.45,HOU,118.8,118.7,0.45,246.6,247.3
401810260,2025-12-23,247,135,112,DEN,121.2,126.2,0.45,UTAH,126.6,123.0,0.45,247.8,249.2
401809242,2025-12-26,280,142,138,DEN,124.0,126.1,0.45,MIN,111.4,117.2,0.45,235.4,243.3
401810288,2025-12-28,253,127,126,ORL,111.0,111.0,0.45,DEN,126.8,128.2,0.45,237.8,239.2
401810305,2025-12-30,270,147,123,MIA,120.0,112.6,0.45,DEN,126.8,127.3,0.45,246.8,239.89999999999998
401810323,2026-01-01,209,103,106,TOR,111.6,108.5,0.45,DEN,131.2,126.2,0.45,242.79999999999998,234.7
401810362,2026-01-06,249,124,125,PHI,119.6,117.3,0.45,DEN,115.6,121.2,0.45,235.2,238.5
401810409,2026-01-12,212,108,104,DEN,109.8,117.6,0.45,MIL,113.6,111.8,0.45,223.39999999999998,229.39999999999998
401810422,2026-01-14,238,116,122,NO,111.0,112.9,0.45,DEN,109.8,115.4,0.45,220.8,228.3
401810455,2026-01-18,236,121,115,DEN,109.8,112.6,0.45,WSH,106.0,109.9,0.45,215.8,222.5
401810472,2026-01-21,222,107,115,DEN,111.2,110.5,0.45,LAL,119.2,114.7,0.45,230.4,225.2
401810484,2026-01-23,204,97,107,WSH,106.8,110.5,0.45,DEN,111.0,110.4,0.45,217.8,220.9
401810495,2026-01-24,202,100,102,MIL,105.0,109.3,0.45,DEN,108.0,109.6,0.45,213.0,218.89999999999998
401810523,2026-01-28,216,107,109,DEN,104.8,107.3,0.45,DET,116.0,112.3,0.45,220.8,219.6
401810550,2026-01-31,231,122,109,DEN,106.0,108.6,0.45,LAC,114.6,114.9,0.45,220.6,223.5
401810566,2026-02-02,232,111,121,DEN,109.0,110.0,0.45,OKC,110.4,116.2,0.45,219.4,226.2
401810571,2026-02-04,245,124,121,DET,121.0,115.4,0.45,DEN,109.8,108.9,0.45,230.8,224.3
401810581,2026-02-05,261,134,127,NY,118.6,113.4,0.45,DEN,113.6,109.2,0.45,232.2,222.60000000000002
401810642,2026-02-12,238,122,116,DEN,122.4,115.7,0.45,MEM,121.8,115.2,0.45,244.2,230.9
401810656,2026-02-20,229,115,114,LAC,104.0,110.0,0.45,DEN,124.6,117.2,0.45,228.6,227.2
401810665,2026-02-21,260,103,157,POR,127.2,117.4,0.45,DEN,123.2,118.4,0.45,250.4,235.8
401810138,2025-11-25,239,117,122,IND,,,,DET,,,,,
401809814,2025-11-29,221,109,112,DET,118.0,118.0,0.45,ORL,144.0,144.0,0.45,262.0,262.0
401810151,2025-11-30,273,135,138,MIA,106.0,106.0,0.45,DET,115.0,115.0,0.45,221.0,221.0
401810186,2025-12-04,222,113,109,MIL,111.4,111.4,0.45,DET,116.4,116.4,0.45,227.8,227.8
401810197,2025-12-06,238,122,116,DET,113.8,115.16666666666667,0.45,POR,114.4,114.4,0.45,228.2,229.56666666666666
401810208,2025-12-07,236,124,112,DET,115.4,116.14285714285714,0.45,MIL,113.0,110.14285714285714,0.45,228.4,226.28571428571428
401810263,2025-12-23,212,102,110,POR,116.8,115.7,0.45,DET,120.8,118.1,0.45,237.6,233.8
401810276,2025-12-24,263,127,136,SAC,111.8,111.2,0.45,DET,118.0,118.2,0.45,229.8,229.4
401810285,2025-12-27,260,131,129,UTAH,128.4,124.1,0.45,DET,116.8,118.0,0.45,245.2,242.1
401810300,2025-12-29,211,112,99,LAC,110.8,110.9,0.45,DET,120.2,121.0,0.45,231.0,231.9
401810315,2025-12-31,234,106,128,LAL,112.0,113.5,0.45,DET,117.2,120.0,0.45,229.2,233.5
401810327,2026-01-02,230,112,118,DET,120.4,120.6,0.45,MIA,126.2,116.8,0.45,246.60000000000002,237.39999999999998
401810357,2026-01-06,211,121,90,DET,116.4,116.6,0.45,NY,121.6,119.1,0.45,238.0,235.7
401810399,2026-01-11,190,92,98,DET,116.6,116.9,0.45,LAC,113.6,116.1,0.45,230.2,233.0
401810434,2026-01-16,213,108,105,DET,109.4,114.9,0.45,PHX,111.8,114.7,0.45,221.2,229.60000000000002
401810450,2026-01-18,199,121,78,DET,108.6,114.7,0.45,IND,112.6,114.8,0.45,221.2,229.5
401810479,2026-01-22,216,104,112,NO,115.8,112.5,0.45,DET,106.6,110.7,0.45,222.39999999999998,223.2
401810490,2026-01-24,215,104,111,DET,107.4,112.0,0.45,HOU,110.6,107.7,0.45,218.0,219.7
401810505,2026-01-25,255,139,116,DET,109.8,109.6,0.45,SAC,116.4,113.0,0.45,226.2,222.6
401810540,2026-01-30,210,114,96,PHX,110.6,110.9,0.45,DET,113.6,111.8,0.45,224.2,222.7
401810551,2026-01-31,255,124,131,GS,115.2,120.3,0.45,DET,112.0,109.3,0.45,227.2,229.6
401810588,2026-02-06,243,117,126,DET,118.0,117.0,0.45,WSH,110.4,110.0,0.45,228.4,227.0
401810597,2026-02-07,198,118,80,DET,119.6,116.6,0.45,NY,124.8,115.5,0.45,244.39999999999998,232.1
401810636,2026-02-12,208,95,113,TOR,119.6,117.0,0.45,DET,119.8,117.8,0.45,239.39999999999998,234.8
401810651,2026-02-20,237,111,126,NY,119.4,119.0,0.45,DET,116.4,118.7,0.45,235.8,237.7
401810146,2025-11-25,251,134,117,GS,,,,UTAH,,,,,
401809808,2025-11-27,204,100,104,GS,134.0,134.0,0.45,HOU,114.0,114.0,0.45,248.0,248.0
401810153,2025-11-30,200,104,96,GS,117.0,117.0,0.45,NO,135.5,135.5,0.45,252.5,252.5
401810178,2025-12-03,236,112,124,GS,112.66666666666667,112.66666666666667,0.45,OKC,119.66666666666667,119.66666666666667,0.45,232.33333333333334,232.33333333333334
401810188,2025-12-05,197,99,98,PHI,118.25,118.25,0.45,GS,112.5,112.5,0.45,230.75,230.75
401836796,2025-12-13,247,120,127,GS,107.2,110.0,0.45,MIN,122.6,118.625,0.45,229.8,228.625
401836802,2025-12-15,267,136,131,POR,114.4,113.0,0.45,GS,110.4,111.25,0.45,224.8,224.25
401810233,2025-12-19,197,99,98,PHX,106.8,107.66666666666667,0.45,GS,114.2,113.44444444444444,0.45,221.0,221.11111111111111
401810247,2025-12-21,235,119,116,GS,114.2,111.9,0.45,PHX,101.6,106.8,0.45,215.8,218.7
401810262,2025-12-23,217,120,97,GS,118.2,110.4,0.45,ORL,116.0,117.9,0.45,234.2,228.3
401810296,2025-12-28,268,141,127,TOR,103.4,104.3,0.45,GS,118.8,114.6,0.45,222.2,218.89999999999998
401810339,2026-01-03,225,94,131,GS,125.0,121.6,0.45,OKC,121.0,120.0,0.45,246.0,241.6
401810347,2026-01-04,237,123,114,GS,119.8,118.7,0.45,UTAH,121.2,125.0,0.45,241.0,243.7
401810363,2026-01-06,205,103,102,LAC,119.0,114.3,0.45,GS,119.2,119.0,0.45,238.2,233.3
401810381,2026-01-08,233,120,113,GS,114.2,116.1,0.45,MIL,117.0,108.7,0.45,231.2,224.8
401810394,2026-01-10,240,137,103,GS,114.2,118.3,0.45,SAC,98.8,105.3,0.45,213.0,223.6
401810425,2026-01-14,216,119,97,GS,118.6,119.2,0.45,POR,116.0,113.9,0.45,234.6,233.10000000000002
401810439,2026-01-16,239,126,113,GS,117.8,118.5,0.45,NY,108.8,115.2,0.45,226.6,233.7
401810467,2026-01-20,247,135,112,GS,125.8,120.0,0.45,MIA,114.8,117.3,0.45,240.6,237.3
401810473,2026-01-21,272,127,145,GS,125.4,120.3,0.45,TOR,108.6,111.2,0.45,234.0,231.5
401857824,2026-01-25,196,85,111,MIN,120.8,123.6,0.45,GS,127.8,122.8,0.45,248.6,246.39999999999998
401810518,2026-01-27,191,108,83,MIN,110.0,118.0,0.45,GS,124.8,123.7,0.45,234.8,241.7
401810533,2026-01-29,264,124,140,UTAH,113.0,115.1,0.45,GS,114.2,120.0,0.45,227.2,235.1
401810579,2026-02-04,207,94,113,GS,114.6,121.6,0.45,PHI,119.4,117.2,0.45,234.0,238.8
401810594,2026-02-06,198,97,101,PHX,113.8,112.2,0.45,GS,110.4,119.1,0.45,224.2,231.3
401810608,2026-02-08,204,105,99,LAL,117.0,115.9,0.45,GS,108.4,116.6,0.45,225.4,232.5
401810623,2026-02-10,227,114,113,GS,111.6,112.9,0.45,MEM,122.0,116.1,0.45,233.6,229.0
401810643,2026-02-12,239,113,126,GS,106.4,110.8,0.45,SA,127.4,118.1,0.45,233.8,228.89999999999998
401810145,2025-11-25,206,92,114,PHX,,,,HOU,,,,,
401810156,2025-11-30,230,101,129,UTAH,122.5,122.5,0.45,HOU,109.0,109.0,0.45,231.5,231.5
401810171,2025-12-02,258,133,125,UTAH,115.33333333333333,115.33333333333333,0.45,HOU,115.66666666666667,115.66666666666667,0.45,231.0,231.0
401810185,2025-12-04,216,121,95,HOU,118.0,118.0,0.45,SAC,110.75,110.75,0.45,228.75,228.75
401810201,2025-12-06,215,117,98,HOU,118.6,118.6,0.45,PHX,112.0,112.0,0.45,230.6,230.6
401836746,2025-12-12,228,115,113,HOU,120.2,117.0,0.45,LAC,110.4,111.0,0.45,230.60000000000002,228.0
401810230,2025-12-19,261,133,128,NO,121.2,123.6,0.45,HOU,117.4,117.66666666666667,0.45,238.60000000000002,241.26666666666665
401810256,2025-12-22,249,125,124,SAC,107.8,108.7,0.45,HOU,118.4,118.8,0.45,226.2,227.5
401810277,2025-12-24,236,128,108,LAC,105.2,107.9,0.45,HOU,121.4,120.8,0.45,226.60000000000002,228.7
401809241,2025-12-26,215,96,119,LAL,114.8,115.5,0.45,HOU,120.0,118.7,0.45,234.8,234.2
401810308,2025-12-30,245,126,119,HOU,116.6,117.7,0.45,IND,107.2,107.9,0.45,223.8,225.60000000000002
401810360,2026-01-06,197,100,97,HOU,117.2,118.6,0.45,PHX,117.6,116.4,0.45,234.8,235.0
401810382,2026-01-08,205,103,102,POR,118.8,111.7,0.45,HOU,113.4,116.1,0.45,232.2,227.8
401810395,2026-01-10,216,111,105,POR,114.4,112.2,0.45,HOU,110.4,113.5,0.45,224.8,225.7
401810412,2026-01-12,209,111,98,SAC,101.4,106.3,0.45,HOU,106.2,112.5,0.45,207.60000000000002,218.8
401810436,2026-01-16,202,91,111,HOU,104.8,111.0,0.45,OKC,117.2,121.5,0.45,222.0,232.5
401810446,2026-01-17,215,110,105,HOU,103.0,108.2,0.45,MIN,126.0,124.1,0.45,229.0,232.3
401810459,2026-01-19,229,119,110,HOU,104.6,107.5,0.45,NO,119.4,113.3,0.45,224.0,220.8
401810470,2026-01-21,217,111,106,HOU,107.4,106.8,0.45,SA,113.8,111.4,0.45,221.2,218.2
401810483,2026-01-23,250,128,122,PHI,112.0,116.3,0.45,HOU,110.0,105.9,0.45,222.0,222.2
401810517,2026-01-27,207,108,99,HOU,114.6,108.8,0.45,MEM,117.8,114.4,0.45,232.39999999999998,223.2
401810534,2026-01-29,210,99,111,HOU,114.2,109.4,0.45,SA,115.2,110.3,0.45,229.4,219.7
401810568,2026-02-03,232,114,118,IND,115.8,108.7,0.45,HOU,106.6,108.6,0.45,222.39999999999998,217.3
401810603,2026-02-07,218,106,112,OKC,114.0,116.3,0.45,HOU,105.0,107.6,0.45,219.0,223.89999999999998
401810627,2026-02-11,197,102,95,HOU,106.6,107.7,0.45,LAC,110.0,112.2,0.45,216.6,219.9
401810637,2026-02-12,207,102,105,HOU,104.8,105.7,0.45,LAC,105.6,110.7,0.45,210.39999999999998,216.4
401810671,2026-02-22,214,108,106,NY,114.8,119.8,0.45,HOU,104.0,104.5,0.45,218.8,224.3
401809805,2025-11-27,192,97,95,TOR,110.0,110.0,0.45,IND,117.0,117.0,0.45,227.0,227.0
401809815,2025-11-29,205,119,86,IND,106.0,106.0,0.45,WSH,132.0,132.0,0.45,238.0,238.0
401810219,2025-12-09,221,116,105,IND,116.2,113.28571428571429,0.45,SAC,109.6,110.83333333333333,0.45,225.8,224.11904761904762
401836752,2025-12-13,220,115,105,PHI,115.6,113.71428571428571,0.45,IND,115.6,113.625,0.45,231.2,227.33928571428572
401836797,2025-12-14,197,89,108,IND,116.0,112.66666666666667,0.45,WSH,114.8,113.14285714285714,0.45,230.8,225.8095238095238
401810227,2025-12-19,227,113,114,IND,110.0,110.3,0.45,NY,125.0,122.4,0.45,235.0,232.7
401810244,2025-12-21,237,128,109,NO,124.6,122.6,0.45,IND,108.6,109.9,0.45,233.2,232.5
401810268,2025-12-24,205,94,111,IND,102.2,108.9,0.45,MIL,103.0,108.0,0.45,205.2,216.9
401810291,2025-12-28,258,142,116,MIA,112.8,109.2,0.45,IND,106.6,108.3,0.45,219.39999999999998,217.5
401810319,2025-12-31,222,110,112,IND,109.2,107.8,0.45,ORL,109.0,112.5,0.45,218.2,220.3
401810331,2026-01-03,236,113,123,IND,112.2,107.2,0.45,SA,119.2,118.9,0.45,231.4,226.10000000000002
401810350,2026-01-04,262,135,127,ORL,112.8,113.4,0.45,IND,116.0,108.0,0.45,228.8,221.4
401810398,2026-01-11,222,123,99,IND,116.0,112.6,0.45,MIA,119.8,119.9,0.45,235.8,232.5
401810426,2026-01-15,216,101,115,IND,115.6,115.8,0.45,TOR,110.0,115.2,0.45,225.6,231.0
401810443,2026-01-17,246,127,119,IND,110.4,113.7,0.45,NO,115.6,113.9,0.45,226.0,227.60000000000002
401810464,2026-01-20,217,113,104,PHI,111.0,120.2,0.45,IND,105.4,110.7,0.45,216.4,230.9
401810496,2026-01-24,231,114,117,OKC,121.6,118.0,0.45,IND,102.8,109.2,0.45,224.39999999999998,227.2
401810572,2026-02-04,253,122,131,IND,117.8,110.3,0.45,UTAH,108.4,113.0,0.45,226.2,223.3
401810598,2026-02-07,204,105,99,MIL,114.4,109.3,0.45,IND,118.8,112.4,0.45,233.2,221.7
401810614,2026-02-08,226,122,104,TOR,113.6,114.1,0.45,IND,115.4,109.6,0.45,229.0,223.7
401810626,2026-02-11,271,134,137,NY,113.8,115.0,0.45,IND,113.6,112.2,0.45,227.39999999999998,227.2
401810650,2026-02-20,217,112,105,WSH,110.8,112.0,0.45,IND,115.4,116.6,0.45,226.2,228.6
401810658,2026-02-21,249,131,118,WSH,113.0,111.7,0.45,IND,112.0,115.4,0.45,225.0,227.10000000000002
401809801,2025-11-26,253,135,118,LAL,,,,LAC,,,,,
401809821,2025-11-29,219,107,112,LAC,118.0,118.0,0.45,MEM,124.0,124.0,0.45,242.0,242.0
401810168,2025-12-02,263,140,123,MIA,115.66666666666667,115.66666666666667,0.45,LAC,111.66666666666667,111.66666666666667,0.45,227.33333333333334,227.33333333333334
401810202,2025-12-06,205,107,98,MEM,118.8,118.8,0.45,LAC,114.6,114.6,0.45,233.39999999999998,233.39999999999998
401810210,2025-12-07,215,109,106,MIN,124.6,122.5,0.45,LAC,110.6,111.83333333333333,0.45,235.2,234.33333333333331
401836807,2025-12-16,224,103,121,LAC,111.0,111.25,0.45,MEM,117.2,118.25,0.45,228.2,229.5
401810224,2025-12-19,223,122,101,OKC,126.8,124.125,0.45,LAC,107.0,110.33333333333333,0.45,233.8,234.45833333333331
401810250,2025-12-21,191,103,88,LAC,104.2,109.4,0.45,LAL,119.0,122.3,0.45,223.2,231.7
401810286,2025-12-27,222,103,119,POR,115.2,114.8,0.45,LAC,109.6,110.0,0.45,224.8,224.8
401810316,2025-12-31,221,131,90,LAC,112.6,109.8,0.45,SAC,111.8,113.2,0.45,224.39999999999998,223.0
401810330,2026-01-02,219,118,101,LAC,118.6,111.4,0.45,UTAH,123.4,125.0,0.45,242.0,236.4
401810377,2026-01-08,234,123,111,NY,114.0,116.7,0.45,LAC,115.8,113.3,0.45,229.8,230.0
401810432,2026-01-15,224,119,105,LAC,110.0,114.5,0.45,WSH,109.0,113.3,0.45,219.0,227.8
401810445,2026-01-17,238,117,121,TOR,109.4,115.0,0.45,LAC,113.2,114.5,0.45,222.60000000000002,229.5
401810463,2026-01-19,216,106,110,WSH,107.0,111.3,0.45,LAC,115.2,115.4,0.45,222.2,226.7
401810488,2026-01-23,216,112,104,LAC,115.4,112.5,0.45,LAL,119.8,113.4,0.45,235.2,225.9
401810525,2026-01-28,218,103,115,UTAH,116.4,116.4,0.45,LAC,115.8,114.5,0.45,232.2,230.9
401810564,2026-02-02,210,93,117,PHX,110.2,112.5,0.45,LAC,114.4,113.7,0.45,224.60000000000002,226.2
401810570,2026-02-03,241,113,128,LAC,115.8,115.6,0.45,PHI,115.6,115.1,0.45,231.39999999999998,230.7
401810601,2026-02-07,225,111,114,SAC,105.6,109.8,0.45,LAC,109.0,112.4,0.45,214.6,222.2
401810615,2026-02-08,211,96,115,MIN,125.0,117.3,0.45,LAC,108.8,111.7,0.45,233.8,229.0
401810664,2026-02-21,247,125,122,LAL,113.2,116.1,0.45,LAC,108.8,108.9,0.45,222.0,225.0
401810163,2025-12-01,254,133,121,LAL,132.0,132.0,0.45,NO,122.33333333333333,122.33333333333333,0.45,254.33333333333331,254.33333333333331
401810172,2025-12-02,233,108,125,LAL,132.33333333333334,132.33333333333334,0.45,PHX,108.75,108.75,0.45,241.08333333333334,241.08333333333334
401810191,2025-12-05,243,120,123,TOR,106.6,106.6,0.45,LAL,126.25,126.25,0.45,232.85,232.85
401810217,2025-12-08,220,108,112,PHI,117.0,114.66666666666667,0.45,LAL,119.6,122.16666666666667,0.45,236.6,236.83333333333334
401809836,2025-12-11,251,119,132,LAL,116.2,120.71428571428571,0.45,SA,120.8,122.57142857142857,0.45,237.0,243.28571428571428
401839699,2025-12-15,230,114,116,PHX,106.4,106.875,0.45,LAL,113.4,120.5,0.45,219.8,227.375
401810234,2025-12-19,278,135,143,UTAH,121.2,120.55555555555556,0.45,LAL,115.0,120.0,0.45,236.2,240.55555555555554
401810273,2025-12-24,240,132,108,PHX,105.2,109.2,0.45,LAL,115.6,117.6,0.45,220.8,226.8
401810301,2025-12-29,226,125,101,LAL,110.2,111.8,0.45,SAC,118.2,112.6,0.45,228.4,224.39999999999998
401810340,2026-01-03,249,128,121,LAL,104.6,111.8,0.45,MEM,122.6,121.7,0.45,227.2,233.5
401810356,2026-01-05,234,120,114,LAL,112.6,114.1,0.45,MEM,126.2,121.9,0.45,238.8,236.0
401810369,2026-01-07,214,103,111,NO,114.4,117.8,0.45,LAL,115.0,114.9,0.45,229.4,232.7
401810378,2026-01-08,198,107,91,SA,114.6,118.4,0.45,LAL,118.0,114.1,0.45,232.6,232.5
401810396,2026-01-10,206,101,105,LAL,111.2,111.6,0.45,MIL,117.2,111.8,0.45,228.4,223.39999999999998
401810417,2026-01-13,236,124,112,SAC,102.4,104.9,0.45,LAL,110.2,107.4,0.45,212.60000000000002,212.3
401810456,2026-01-18,248,132,116,POR,108.4,113.6,0.45,LAL,112.4,115.2,0.45,220.8,228.8
401810462,2026-01-19,203,110,93,LAL,117.4,114.3,0.45,TOR,113.4,112.6,0.45,230.8,226.89999999999998
401810543,2026-01-31,253,111,142,WSH,108.4,107.7,0.45,LAL,112.6,115.9,0.45,221.0,223.60000000000002
401810563,2026-02-02,212,112,100,NY,116.2,111.4,0.45,LAL,118.0,118.9,0.45,234.2,230.3
401810595,2026-02-06,234,119,115,LAL,119.0,115.6,0.45,PHI,123.4,117.0,0.45,242.4,232.6
401810624,2026-02-10,229,110,119,LAL,118.2,115.4,0.45,OKC,114.4,114.9,0.45,232.60000000000002,230.3
401810629,2026-02-11,244,108,136,LAL,111.8,114.9,0.45,SA,121.4,116.8,0.45,233.2,231.7
401809807,2025-11-27,261,128,133,NO,143.0,143.0,0.45,MEM,115.0,115.0,0.45,258.0,258.0
401810162,2025-12-01,222,107,115,SAC,112.0,112.0,0.45,MEM,120.0,120.0,0.45,232.0,232.0
401810177,2025-12-03,245,126,119,SA,122.0,122.0,0.45,MEM,118.75,118.75,0.45,240.75,240.75
401810215,2025-12-07,215,119,96,MEM,117.2,116.83333333333333,0.45,POR,114.6,114.66666666666667,0.45,231.8,231.5
401836754,2025-12-13,256,126,130,MEM,114.4,117.14285714285714,0.45,UTAH,114.0,116.42857142857143,0.45,228.4,233.57142857142856
401810223,2025-12-18,226,110,116,MIN,116.6,119.3,0.45,MEM,118.4,118.55555555555556,0.45,235.0,237.85555555555555
401810246,2025-12-21,252,122,130,MEM,117.8,118.3,0.45,WSH,109.0,110.44444444444444,0.45,226.8,228.74444444444444
401810261,2025-12-23,222,119,103,OKC,121.4,122.2,0.45,MEM,120.8,119.0,0.45,242.2,241.2
401810274,2025-12-24,265,128,137,UTAH,128.8,121.4,0.45,MEM,117.6,116.0,0.45,246.4,237.4
401810283,2025-12-27,229,125,104,MEM,119.8,118.5,0.45,MIL,102.8,108.2,0.45,222.6,226.7
401810298,2025-12-28,228,116,112,WSH,116.8,113.7,0.45,MEM,120.6,119.5,0.45,237.39999999999998,233.2
401810313,2025-12-31,275,136,139,MEM,119.8,118.8,0.45,PHI,109.8,110.4,0.45,229.6,229.2
401810367,2026-01-07,211,106,105,MEM,121.6,120.7,0.45,SA,116.4,119.8,0.45,238.0,240.5
401810379,2026-01-08,215,98,117,MEM,117.8,119.2,0.45,PHX,112.4,114.7,0.45,230.2,233.9
401810391,2026-01-10,233,116,117,MEM,115.0,117.4,0.45,OKC,117.2,118.6,0.45,232.2,236.0
401810433,2026-01-15,229,118,111,ORL,114.0,113.4,0.45,MEM,107.4,116.8,0.45,221.4,230.2
401810457,2026-01-18,235,126,109,MEM,106.8,114.2,0.45,ORL,110.6,114.7,0.45,217.39999999999998,228.9
401810494,2026-01-24,260,127,133,MEM,115.6,115.3,0.45,NO,113.0,112.0,0.45,228.6,227.3
401810546,2026-01-31,220,114,106,NO,109.2,114.3,0.45,MEM,114.2,110.5,0.45,223.4,224.8
401810555,2026-02-01,245,114,131,MEM,110.2,110.5,0.45,MIN,109.8,114.2,0.45,220.0,224.7
401810569,2026-02-03,265,137,128,MEM,108.6,112.1,0.45,MIN,113.0,116.9,0.45,221.6,229.0
401810586,2026-02-05,254,125,129,SAC,103.8,110.1,0.45,MEM,110.6,114.2,0.45,214.39999999999998,224.3
401810600,2026-02-07,250,135,115,POR,107.6,112.9,0.45,MEM,116.6,116.8,0.45,224.2,229.7
401810610,2026-02-08,237,122,115,POR,115.8,114.7,0.45,MEM,120.2,117.2,0.45,236.0,231.9
401810659,2026-02-21,237,123,114,MEM,117.6,114.1,0.45,UTAH,118.2,114.8,0.45,235.8,228.89999999999998
401810668,2026-02-22,256,136,120,MIA,118.0,119.7,0.45,MEM,116.4,116.5,0.45,234.4,236.2
401809804,2025-11-27,209,106,103,MIA,106.0,106.0,0.45,MIL,103.0,103.0,0.45,209.0,209.0
401810194,2025-12-06,211,106,105,ORL,123.25,123.25,0.45,MIA,119.0,119.0,0.45,242.25,242.25
401810209,2025-12-07,238,111,127,MIA,118.8,116.66666666666667,0.45,SAC,107.6,107.6,0.45,226.39999999999998,224.26666666666665
401809833,2025-12-09,225,117,108,ORL,111.0,116.5,0.45,MIA,119.8,115.85714285714286,0.45,230.8,232.35714285714286
401839023,2025-12-16,202,96,106,MIA,114.4,114.875,0.45,TOR,108.2,105.88888888888889,0.45,222.60000000000002,220.76388888888889
401810253,2025-12-21,257,132,125,NY,118.8,119.8,0.45,MIA,107.4,113.1,0.45,226.2,232.89999999999998
401810269,2025-12-24,203,91,112,MIA,110.2,115.0,0.45,TOR,99.0,102.9,0.45,209.2,217.9
401810341,2026-01-03,240,115,125,MIA,124.8,117.5,0.45,MIN,119.6,116.7,0.45,244.39999999999998,234.2
401810352,2026-01-04,231,125,106,MIA,129.6,118.2,0.45,NO,114.8,118.6,0.45,244.39999999999998,236.8
401810368,2026-01-07,216,122,94,MIN,122.2,118.9,0.45,MIA,129.4,121.1,0.45,251.60000000000002,240.0
401810408,2026-01-12,236,124,112,OKC,115.8,118.4,0.45,MIA,110.2,118.2,0.45,226.0,236.60000000000002
401810419,2026-01-14,248,127,121,MIA,109.0,116.9,0.45,PHX,109.2,114.1,0.45,218.2,231.0
401810452,2026-01-18,242,122,120,MIA,109.2,119.3,0.45,OKC,120.0,119.7,0.45,229.2,239.0
401810474,2026-01-21,247,117,130,SAC,117.0,109.2,0.45,MIA,117.4,113.8,0.45,234.4,223.0
401810489,2026-01-23,237,127,110,POR,115.4,116.5,0.45,MIA,121.0,115.0,0.45,236.4,231.5
401810504,2026-01-25,263,116,147,UTAH,117.6,117.3,0.45,MIA,117.6,114.5,0.45,235.2,231.8
401810510,2026-01-26,213,102,111,PHX,111.2,111.5,0.45,MIA,124.2,116.7,0.45,235.4,228.2
401810529,2026-01-29,257,124,133,MIA,122.0,118.4,0.45,ORL,105.4,109.7,0.45,227.4,228.10000000000002
401810613,2026-02-08,233,101,132,WSH,113.4,110.9,0.45,MIA,115.8,120.1,0.45,229.2,231.0
401810618,2026-02-10,226,111,115,MIA,119.0,120.3,0.45,UTAH,113.2,114.5,0.45,232.2,234.8
401810639,2026-02-12,234,111,123,NO,117.0,113.5,0.45,MIA,117.6,120.4,0.45,234.6,233.9
401810143,2025-11-25,218,103,115,MIL,,,,POR,,,,,
401809816,2025-11-29,227,118,109,NY,121.0,121.0,0.45,MIL,103.0,103.0,0.45,224.0,224.0
401810166,2025-12-02,255,129,126,WSH,109.0,109.0,0.45,MIL,107.75,107.75,0.45,216.75,216.75
401810203,2025-12-06,217,101,116,MIL,113.4,111.66666666666667,0.45,PHI,114.4,114.4,0.45,227.8,226.06666666666666
401810229,2025-12-19,216,105,111,MIL,104.8,108.1,0.45,TOR,105.2,105.9,0.45,210.0,214.0
401810255,2025-12-22,203,103,100,MIN,114.2,119.8,0.45,MIL,103.2,108.3,0.45,217.4,228.1
401810324,2026-01-01,227,113,114,MIL,110.0,106.6,0.45,WSH,115.4,115.1,0.45,225.4,221.7
401810355,2026-01-05,213,98,115,SAC,102.4,109.3,0.45,MIL,114.8,108.8,0.45,217.2,218.1
401810421,2026-01-14,245,106,139,MIL,111.8,112.2,0.45,MIN,126.4,124.0,0.45,238.2,236.2
401810437,2026-01-16,220,119,101,SA,102.6,109.5,0.45,MIL,108.6,111.7,0.45,211.2,221.2
401810480,2026-01-22,224,102,122,MIL,105.6,111.4,0.45,OKC,122.0,118.9,0.45,227.6,230.3
401810521,2026-01-28,261,139,122,PHI,110.6,110.8,0.45,MIL,104.2,108.0,0.45,214.8,218.8
401810536,2026-01-30,208,109,99,WSH,109.6,107.8,0.45,MIL,107.4,108.0,0.45,217.0,215.8
401810584,2026-02-05,278,141,137,MIL,106.2,105.6,0.45,NO,104.4,110.4,0.45,210.60000000000002,216.0
401810619,2026-02-10,217,118,99,ORL,112.6,110.5,0.45,MIL,111.0,109.2,0.45,223.6,219.7
401810632,2026-02-12,224,108,116,ORL,110.2,111.4,0.45,MIL,111.0,109.0,0.45,221.2,220.4
401810644,2026-02-13,203,93,110,OKC,119.0,114.6,0.45,MIL,118.4,109.4,0.45,237.4,224.0
401810662,2026-02-21,257,118,139,NO,116.4,114.2,0.45,MIL,114.2,110.2,0.45,230.60000000000002,224.4
401810147,2025-11-25,229,117,112,SAC,,,,MIN,,,,,
401809806,2025-11-27,218,113,105,OKC,,,,MIN,112.0,112.0,0.45,,
401810161,2025-12-01,237,125,112,MIN,112.0,112.0,0.45,SA,127.0,127.0,0.45,239.0,239.0
401810176,2025-12-03,291,142,149,NO,122.0,122.0,0.45,MIN,115.25,115.25,0.45,237.25,237.25
401810192,2025-12-05,241,116,125,NO,126.0,126.0,0.45,MIN,122.0,122.0,0.45,248.0,248.0
401810220,2025-12-09,213,105,108,MIN,125.4,120.57142857142857,0.45,PHX,113.2,109.66666666666667,0.45,238.60000000000002,230.23809523809524
401836801,2025-12-15,220,117,103,MIN,123.0,119.55555555555556,0.45,SAC,107.8,109.375,0.45,230.8,228.93055555555554
401810240,2025-12-20,219,112,107,MIN,113.6,119.1,0.45,OKC,126.4,123.88888888888889,0.45,240.0,242.98888888888888
401810271,2025-12-24,219,115,104,MIN,113.8,118.2,0.45,NY,121.8,121.4,0.45,235.6,239.60000000000002
401810353,2026-01-04,256,115,141,WSH,117.6,114.2,0.45,MIN,121.6,116.5,0.45,239.2,230.7
401810407,2026-01-12,207,104,103,MIN,130.6,125.1,0.45,SA,109.0,114.1,0.45,239.6,239.2
401810453,2026-01-18,249,126,123,SA,105.4,110.0,0.45,MIN,122.6,123.9,0.45,228.0,233.9
401810471,2026-01-21,249,127,122,UTAH,120.2,116.8,0.45,MIN,121.0,122.6,0.45,241.2,239.39999999999998
401810541,2026-01-30,234,123,111,MIN,109.6,115.3,0.45,OKC,115.4,116.8,0.45,225.0,232.1
401810582,2026-02-05,254,126,128,TOR,106.4,112.4,0.45,MIN,121.6,115.8,0.45,228.0,228.2
401810599,2026-02-07,234,115,119,MIN,125.6,118.1,0.45,NO,111.0,112.5,0.45,236.6,230.6
401810638,2026-02-12,242,133,109,MIN,121.0,117.0,0.45,POR,125.6,115.5,0.45,246.6,232.5
401810221,2025-12-09,267,132,135,NO,115.2,121.0,0.45,SA,121.6,120.5,0.45,236.8,241.5
401836748,2025-12-12,263,143,120,NO,122.4,122.375,0.45,POR,113.4,112.0,0.45,235.8,234.375
401810284,2025-12-27,223,108,115,NO,122.4,124.6,0.45,PHX,110.0,111.2,0.45,232.4,235.8
401810289,2025-12-28,237,114,123,NO,121.2,121.2,0.45,PHX,115.2,110.8,0.45,236.4,232.0
401810309,2025-12-30,255,125,130,NO,117.4,121.0,0.45,NY,119.4,119.0,0.45,236.8,240.0
401810337,2026-01-03,231,109,122,NO,116.6,122.0,0.45,POR,108.6,113.3,0.45,225.2,235.3
401810389,2026-01-10,235,107,128,WSH,115.6,115.5,0.45,NO,107.2,112.0,0.45,222.8,227.5
401810403,2026-01-11,246,128,118,ORL,111.2,111.6,0.45,NO,109.2,112.9,0.45,220.4,224.5
401810509,2026-01-26,199,95,104,SA,120.0,111.3,0.45,NO,116.4,114.7,0.45,236.4,226.0
401810522,2026-01-28,199,104,95,OKC,118.6,119.3,0.45,NO,114.0,114.8,0.45,232.6,234.1
401810554,2026-02-01,238,124,114,PHI,116.4,114.2,0.45,NO,110.0,112.9,0.45,226.4,227.10000000000002
401810621,2026-02-10,214,120,94,NO,115.8,112.5,0.45,SAC,113.4,110.8,0.45,229.2,223.3
401810667,2026-02-22,237,126,111,NO,121.0,112.7,0.45,PHI,107.6,115.5,0.45,228.6,228.2
401810158,2025-11-30,210,116,94,NY,120.0,120.0,0.45,TOR,106.0,106.0,0.45,226.0,226.0
401810198,2025-12-06,258,146,112,NY,119.8,118.66666666666667,0.45,UTAH,120.4,120.4,0.45,240.2,239.06666666666666
401810212,2025-12-07,206,106,100,NY,123.2,122.57142857142857,0.45,ORL,119.8,119.8,0.45,243.0,242.37142857142857
401809834,2025-12-10,218,101,117,TOR,106.8,106.5,0.45,NY,120.8,120.5,0.45,227.6,227.0
401809837,2025-12-13,252,120,132,ORL,112.0,116.57142857142857,0.45,NY,121.0,120.11111111111111,0.45,233.0,236.6825396825397
401809839,2025-12-17,237,124,113,NY,124.0,121.3,0.45,SA,121.8,122.33333333333333,0.45,245.8,243.63333333333333
401810237,2025-12-20,223,107,116,NY,118.6,120.9,0.45,PHI,111.0,114.22222222222223,0.45,229.6,235.12222222222223
401810322,2026-01-01,266,134,132,SA,117.2,118.7,0.45,NY,124.0,121.4,0.45,241.2,240.10000000000002
401810342,2026-01-04,249,119,130,NY,123.0,119.6,0.45,PHI,114.8,115.1,0.45,237.8,234.7
401810393,2026-01-10,219,112,107,PHX,112.8,116.5,0.45,NY,112.6,118.3,0.45,225.39999999999998,234.8
401810406,2026-01-11,237,114,123,POR,117.6,113.1,0.45,NY,107.6,115.8,0.45,225.2,228.89999999999998
401810431,2026-01-15,213,112,101,SAC,106.8,104.6,0.45,NY,112.4,117.7,0.45,219.2,222.3
401810451,2026-01-18,205,99,106,NY,113.4,113.7,0.45,PHX,113.4,112.9,0.45,226.8,226.60000000000002
401810498,2026-01-24,221,109,112,PHI,114.6,116.1,0.45,NY,106.0,109.2,0.45,220.6,225.3
401810520,2026-01-28,190,103,87,NY,108.2,108.5,0.45,SAC,114.0,114.8,0.45,222.2,223.3
401810530,2026-01-29,211,92,119,TOR,114.6,114.0,0.45,NY,106.2,109.8,0.45,220.8,223.8
401810545,2026-01-31,224,127,97,NY,110.2,109.4,0.45,POR,109.4,111.8,0.45,219.60000000000002,221.2
401810573,2026-02-04,233,101,132,WSH,113.2,110.4,0.45,NY,114.6,110.3,0.45,227.8,220.7
401810635,2026-02-12,227,89,138,PHI,116.6,116.1,0.45,NY,118.2,116.4,0.45,234.8,232.5
401809817,2025-11-29,242,123,119,OKC,113.0,113.0,0.45,PHX,102.0,102.0,0.45,215.0,215.0
401810160,2025-11-30,238,115,123,POR,108.5,108.5,0.45,OKC,118.0,118.0,0.45,226.5,226.5
401810218,2025-12-08,232,101,131,UTAH,119.4,119.0,0.45,OKC,123.0,123.0,0.45,242.4,242.0
401809835,2025-12-11,227,138,89,OKC,126.6,124.33333333333333,0.45,PHX,112.4,109.42857142857143,0.45,239.0,233.76190476190476
401809838,2025-12-14,220,109,111,OKC,129.6,126.28571428571429,0.45,SA,124.8,123.75,0.45,254.39999999999998,250.03571428571428
401810272,2025-12-24,240,130,110,SA,118.6,121.7,0.45,OKC,119.0,122.8,0.45,237.6,244.5
401809239,2025-12-25,219,102,117,OKC,113.4,121.5,0.45,SA,122.4,122.1,0.45,235.8,243.6
401810297,2025-12-28,233,129,104,OKC,112.0,119.4,0.45,PHI,112.4,112.1,0.45,224.4,231.5
401810325,2026-01-01,219,124,95,OKC,120.0,120.7,0.45,POR,110.0,113.4,0.45,230.0,234.10000000000002
401810354,2026-01-05,213,108,105,PHX,119.0,114.5,0.45,OKC,125.2,119.3,0.45,244.2,233.8
401810380,2026-01-08,254,129,125,OKC,119.4,116.4,0.45,UTAH,115.6,121.1,0.45,235.0,237.5
401810423,2026-01-14,217,119,98,OKC,114.4,119.8,0.45,SA,105.0,111.4,0.45,219.4,231.2
401810508,2026-01-26,204,101,103,OKC,120.6,118.9,0.45,TOR,117.4,113.4,0.45,238.0,232.3
401810578,2026-02-04,220,128,92,OKC,110.2,115.9,0.45,ORL,113.8,111.2,0.45,224.0,227.10000000000002
401810585,2026-02-05,222,116,106,SA,110.0,112.2,0.45,OKC,113.0,116.8,0.45,223.0,229.0
401810640,2026-02-12,245,109,136,PHX,108.6,109.4,0.45,OKC,116.0,113.2,0.45,224.6,222.60000000000002
401809800,2025-11-26,247,103,144,PHI,,,,ORL,,,,,
401810181,2025-12-04,226,112,114,ORL,127.0,127.0,0.45,SA,123.0,123.0,0.45,250.0,250.0
401810248,2025-12-21,255,127,128,UTAH,123.6,122.0,0.45,ORL,111.6,116.77777777777777,0.45,235.2,238.77777777777777
401810275,2025-12-24,216,106,110,POR,118.0,115.7,0.45,ORL,115.4,113.2,0.45,233.4,228.9
401810306,2025-12-30,213,107,106,TOR,109.4,106.4,0.45,ORL,113.4,112.5,0.45,222.8,218.9
401810366,2026-01-07,232,120,112,WSH,113.0,114.9,0.45,ORL,118.8,114.9,0.45,231.8,229.8
401810388,2026-01-10,194,91,103,ORL,115.4,112.2,0.45,PHI,129.4,119.6,0.45,244.8,231.8
401810542,2026-01-31,250,130,120,ORL,108.4,109.5,0.45,TOR,114.4,111.5,0.45,222.8,221.0
401810558,2026-02-02,215,112,103,SA,108.8,111.3,0.45,ORL,112.6,111.3,0.45,221.39999999999998,222.6
401810605,2026-02-08,237,120,117,ORL,115.2,110.3,0.45,UTAH,114.6,113.8,0.45,229.8,224.1
401810655,2026-02-20,225,94,131,SAC,109.8,106.8,0.45,ORL,111.2,112.5,0.45,221.0,219.3
401810666,2026-02-21,223,113,110,PHX,104.6,109.2,0.45,ORL,119.0,115.1,0.45,223.6,224.3
401810173,2025-12-03,223,121,102,PHI,117.33333333333333,117.33333333333333,0.45,WSH,115.66666666666667,115.66666666666667,0.45,233.0,233.0
401810373,2026-01-08,241,131,110,PHI,124.0,118.2,0.45,WSH,113.8,117.5,0.45,237.8,235.7
401810405,2026-01-11,231,116,115,TOR,113.8,112.7,0.45,PHI,122.2,118.3,0.45,236.0,231.0
401810415,2026-01-13,217,102,115,TOR,116.4,116.2,0.45,PHI,120.6,117.7,0.45,237.0,233.9
401810468,2026-01-21,226,110,116,PHI,113.0,117.6,0.45,PHX,114.0,113.3,0.45,227.0,230.89999999999998
401810535,2026-01-30,224,113,111,PHI,115.8,114.4,0.45,SAC,109.4,113.2,0.45,225.2,227.60000000000002
401810609,2026-02-08,212,103,109,PHX,112.0,111.3,0.45,PHI,118.6,117.2,0.45,230.6,228.5
401810625,2026-02-10,253,135,118,POR,118.0,113.7,0.45,PHI,117.8,117.1,0.45,235.8,230.8
401809810,2025-11-27,212,100,112,SAC,117.0,117.0,0.45,PHX,92.0,92.0,0.45,209.0,209.0
401810303,2025-12-30,216,101,115,WSH,121.2,115.1,0.45,PHX,117.0,111.9,0.45,238.2,227.0
401810338,2026-01-03,231,129,102,PHX,119.6,112.4,0.45,SAC,107.4,109.6,0.45,227.0,222.0
401810410,2026-01-12,205,112,93,PHX,112.6,116.1,0.45,WSH,114.2,114.9,0.45,226.8,231.0
401810580,2026-02-04,255,125,130,POR,102.2,110.1,0.45,PHX,108.2,109.7,0.45,210.4,219.8
401810653,2026-02-20,215,121,94,SA,130.2,120.1,0.45,PHX,111.8,110.0,0.45,242.0,230.1
401809809,2025-11-27,217,102,115,POR,115.0,115.0,0.45,SA,,,,,
401810174,2025-12-03,239,121,118,TOR,103.0,103.0,0.45,POR,110.66666666666667,110.66666666666667,0.45,213.66666666666669,213.66666666666669
401810235,2025-12-19,267,134,133,POR,118.0,115.55555555555556,0.45,SAC,107.0,108.66666666666667,0.45,225.0,224.22222222222223
401810249,2025-12-21,191,93,98,SAC,114.6,111.1,0.45,POR,120.4,117.4,0.45,235.0,228.5
401810345,2026-01-04,225,110,115,SA,117.8,120.1,0.45,POR,111.8,113.5,0.45,229.6,233.6
401810364,2026-01-06,254,137,117,POR,114.2,111.4,0.45,UTAH,118.4,123.4,0.45,232.60000000000002,234.8
401810461,2026-01-19,227,110,117,SAC,115.6,107.2,0.45,POR,114.2,114.3,0.45,229.8,221.5
401810497,2026-01-24,208,98,110,POR,118.0,117.0,0.45,TOR,118.4,114.2,0.45,236.4,231.2
401810519,2026-01-28,226,115,111,WSH,109.6,108.3,0.45,POR,113.6,111.0,0.45,223.2,219.3
401810645,2026-02-13,254,119,135,UTAH,120.6,114.5,0.45,POR,125.2,113.7,0.45,245.8,228.2
401810225,2025-12-19,213,119,94,SA,121.6,121.4,0.45,WSH,110.6,112.5,0.45,232.2,233.9
401810254,2025-12-22,237,113,124,WSH,114.8,112.4,0.45,SA,120.2,120.5,0.45,235.0,232.9
401810295,2025-12-28,241,114,127,SA,123.2,122.4,0.45,UTAH,126.6,123.9,0.45,249.8,246.3
401810466,2026-01-19,233,123,110,SA,109.2,112.5,0.45,UTAH,117.2,115.9,0.45,226.4,228.4
401810487,2026-01-23,235,109,126,UTAH,121.0,118.1,0.45,SA,114.4,109.7,0.45,235.4,227.8
401810670,2026-02-22,261,139,122,SA,131.2,119.6,0.45,SAC,103.6,104.6,0.45,234.79999999999998,224.2
401809819,2025-11-29,247,128,119,UTAH,117.0,117.0,0.45,SAC,108.5,108.5,0.45,225.5,225.5
401810447,2026-01-17,243,128,115,SAC,109.6,104.5,0.45,WSH,107.0,110.0,0.45,216.6,214.5
401810481,2026-01-22,231,109,122,SAC,118.2,110.3,0.45,TOR,114.4,115.4,0.45,232.60000000000002,225.7
401810562,2026-02-01,228,116,112,WSH,109.4,108.1,0.45,SAC,105.0,110.1,0.45,214.4,218.2
401810641,2026-02-12,214,121,93,UTAH,116.4,113.3,0.45,SAC,113.6,109.3,0.45,230.0,222.6
401810280,2025-12-27,255,138,117,WSH,110.8,112.8,0.45,TOR,101.2,104.7,0.45,212.0,217.5
401810561,2026-02-01,207,107,100,TOR,109.4,111.9,0.45,UTAH,110.2,115.6,0.45,219.60000000000002,227.5
